date,amount,year,weekday
12/31/11 0:00,16302,2011,Sat
1/1/11 0:00,21180,2011,Sat
1/2/11 0:00,26817,2011,Sun
1/3/11 0:00,80782,2011,Mon
1/4/11 0:00,49108,2011,Tue
1/5/11 0:00,83963,2011,Wed
1/6/11 0:00,80208,2011,Thu
1/7/11 0:00,26422,2011,Fri
1/8/11 0:00,75159,2011,Sat
1/9/11 0:00,50619,2011,Sun
1/10/11 0:00,45149,2011,Mon
1/11/11 0:00,23102,2011,Tue
1/12/11 0:00,46558,2011,Wed
1/13/11 0:00,50114,2011,Thu
1/14/11 0:00,73793,2011,Fri
1/15/11 0:00,85066,2011,Sat
1/16/11 0:00,28628,2011,Sun
1/17/11 0:00,87647,2011,Mon
1/18/11 0:00,35514,2011,Tue
1/19/11 0:00,26840,2011,Wed
1/20/11 0:00,200,2011,Thu
1/21/11 0:00,99724,2011,Fri
1/22/11 0:00,66711,2011,Sat
1/23/11 0:00,7175,2011,Sun
1/24/11 0:00,21565,2011,Mon
1/25/11 0:00,14506,2011,Tue
1/26/11 0:00,80998,2011,Wed
1/27/11 0:00,38876,2011,Thu
1/28/11 0:00,9241,2011,Fri
1/29/11 0:00,63056,2011,Sat
1/30/11 0:00,65922,2011,Sun
1/31/11 0:00,38634,2011,Mon
2/1/11 0:00,21594,2011,Tue
2/2/11 0:00,91938,2011,Wed
2/3/11 0:00,65047,2011,Thu
2/4/11 0:00,20207,2011,Fri
2/5/11 0:00,87943,2011,Sat
2/6/11 0:00,22840,2011,Sun
2/7/11 0:00,61564,2011,Mon
2/8/11 0:00,40566,2011,Tue
2/9/11 0:00,97123,2011,Wed
2/10/11 0:00,50525,2011,Thu
2/11/11 0:00,66739,2011,Fri
2/12/11 0:00,19827,2011,Sat
2/13/11 0:00,35688,2011,Sun
2/14/11 0:00,65931,2011,Mon
2/15/11 0:00,82838,2011,Tue
2/16/11 0:00,93452,2011,Wed
2/17/11 0:00,53997,2011,Thu
2/18/11 0:00,96889,2011,Fri
2/19/11 0:00,48960,2011,Sat
2/20/11 0:00,75424,2011,Sun
2/21/11 0:00,5421,2011,Mon
2/22/11 0:00,18742,2011,Tue
2/23/11 0:00,7274,2011,Wed
2/24/11 0:00,92934,2011,Thu
2/25/11 0:00,44319,2011,Fri
2/26/11 0:00,46394,2011,Sat
2/27/11 0:00,84946,2011,Sun
2/28/11 0:00,1704,2011,Mon
3/1/11 0:00,19114,2011,Tue
3/2/11 0:00,29986,2011,Wed
3/3/11 0:00,79320,2011,Thu
3/4/11 0:00,53787,2011,Fri
3/5/11 0:00,89148,2011,Sat
3/6/11 0:00,56019,2011,Sun
3/7/11 0:00,17567,2011,Mon
3/8/11 0:00,32090,2011,Tue
3/9/11 0:00,77344,2011,Wed
3/10/11 0:00,99845,2011,Thu
3/11/11 0:00,47450,2011,Fri
3/12/11 0:00,57851,2011,Sat
3/13/11 0:00,41181,2011,Sun
3/14/11 0:00,64734,2011,Mon
3/15/11 0:00,41065,2011,Tue
3/16/11 0:00,6299,2011,Wed
3/17/11 0:00,19778,2011,Thu
3/18/11 0:00,18239,2011,Fri
3/19/11 0:00,74157,2011,Sat
3/20/11 0:00,7513,2011,Sun
3/21/11 0:00,56972,2011,Mon
3/22/11 0:00,8602,2011,Tue
3/23/11 0:00,30673,2011,Wed
3/24/11 0:00,38261,2011,Thu
3/25/11 0:00,14625,2011,Fri
3/26/11 0:00,67488,2011,Sat
3/27/11 0:00,53766,2011,Sun
3/28/11 0:00,30721,2011,Mon
3/29/11 0:00,41727,2011,Tue
3/30/11 0:00,6751,2011,Wed
3/31/11 0:00,549,2011,Thu
4/1/11 0:00,57606,2011,Fri
4/2/11 0:00,23090,2011,Sat
4/3/11 0:00,37827,2011,Sun
4/4/11 0:00,72652,2011,Mon
4/5/11 0:00,44511,2011,Tue
4/6/11 0:00,2665,2011,Wed
4/7/11 0:00,6466,2011,Thu
4/8/11 0:00,75575,2011,Fri
4/9/11 0:00,66585,2011,Sat
4/10/11 0:00,15312,2011,Sun
4/11/11 0:00,4970,2011,Mon
4/12/11 0:00,88751,2011,Tue
4/13/11 0:00,44915,2011,Wed
4/14/11 0:00,51464,2011,Thu
4/15/11 0:00,62511,2011,Fri
4/16/11 0:00,47958,2011,Sat
4/17/11 0:00,71448,2011,Sun
4/18/11 0:00,37859,2011,Mon
4/19/11 0:00,19326,2011,Tue
4/20/11 0:00,31161,2011,Wed
4/21/11 0:00,79799,2011,Thu
4/22/11 0:00,86608,2011,Fri
4/23/11 0:00,11290,2011,Sat
4/24/11 0:00,9308,2011,Sun
4/25/11 0:00,39509,2011,Mon
4/26/11 0:00,36013,2011,Tue
4/27/11 0:00,1808,2011,Wed
4/28/11 0:00,5,2011,Thu
4/29/11 0:00,18695,2011,Fri
4/30/11 0:00,58034,2011,Sat
5/1/11 0:00,52968,2011,Sun
5/2/11 0:00,34756,2011,Mon
5/3/11 0:00,99596,2011,Tue
5/4/11 0:00,52784,2011,Wed
5/5/11 0:00,1845,2011,Thu
5/6/11 0:00,72616,2011,Fri
5/7/11 0:00,46823,2011,Sat
5/8/11 0:00,9805,2011,Sun
5/9/11 0:00,65310,2011,Mon
5/10/11 0:00,77742,2011,Tue
5/11/11 0:00,37896,2011,Wed
5/12/11 0:00,14733,2011,Thu
5/13/11 0:00,33276,2011,Fri
5/14/11 0:00,50537,2011,Sat
5/15/11 0:00,54543,2011,Sun
5/16/11 0:00,31882,2011,Mon
5/17/11 0:00,46022,2011,Tue
5/18/11 0:00,31930,2011,Wed
5/19/11 0:00,5553,2011,Thu
5/20/11 0:00,65889,2011,Fri
5/21/11 0:00,92514,2011,Sat
5/22/11 0:00,47558,2011,Sun
5/23/11 0:00,59537,2011,Mon
5/24/11 0:00,71665,2011,Tue
5/25/11 0:00,35724,2011,Wed
5/26/11 0:00,1653,2011,Thu
5/27/11 0:00,464,2011,Fri
5/28/11 0:00,39827,2011,Sat
5/29/11 0:00,91385,2011,Sun
5/30/11 0:00,42159,2011,Mon
5/31/11 0:00,47895,2011,Tue
6/1/11 0:00,22544,2011,Wed
6/2/11 0:00,80025,2011,Thu
6/3/11 0:00,50432,2011,Fri
6/4/11 0:00,44116,2011,Sat
6/5/11 0:00,49216,2011,Sun
6/6/11 0:00,19291,2011,Mon
6/7/11 0:00,321,2011,Tue
6/8/11 0:00,91125,2011,Wed
6/9/11 0:00,67438,2011,Thu
6/10/11 0:00,51404,2011,Fri
6/11/11 0:00,90135,2011,Sat
6/12/11 0:00,2851,2011,Sun
6/13/11 0:00,76550,2011,Mon
6/14/11 0:00,11243,2011,Tue
6/15/11 0:00,86606,2011,Wed
6/16/11 0:00,54554,2011,Thu
6/17/11 0:00,5256,2011,Fri
6/18/11 0:00,15976,2011,Sat
6/19/11 0:00,54521,2011,Sun
6/20/11 0:00,48917,2011,Mon
6/21/11 0:00,36389,2011,Tue
6/22/11 0:00,54256,2011,Wed
6/23/11 0:00,22861,2011,Thu
6/24/11 0:00,45131,2011,Fri
6/25/11 0:00,85223,2011,Sat
6/26/11 0:00,13399,2011,Sun
6/27/11 0:00,50497,2011,Mon
6/28/11 0:00,51477,2011,Tue
6/29/11 0:00,68966,2011,Wed
6/30/11 0:00,20142,2011,Thu
7/1/11 0:00,46857,2011,Fri
7/2/11 0:00,23592,2011,Sat
7/3/11 0:00,50619,2011,Sun
7/4/11 0:00,28415,2011,Mon
7/5/11 0:00,77029,2011,Tue
7/6/11 0:00,31721,2011,Wed
7/7/11 0:00,5766,2011,Thu
7/8/11 0:00,40501,2011,Fri
7/9/11 0:00,82761,2011,Sat
7/10/11 0:00,2515,2011,Sun
7/11/11 0:00,59925,2011,Mon
7/12/11 0:00,21646,2011,Tue
7/13/11 0:00,53950,2011,Wed
7/14/11 0:00,12607,2011,Thu
7/15/11 0:00,38128,2011,Fri
7/16/11 0:00,85559,2011,Sat
7/17/11 0:00,37282,2011,Sun
7/18/11 0:00,84700,2011,Mon
7/19/11 0:00,62314,2011,Tue
7/20/11 0:00,60233,2011,Wed
7/21/11 0:00,19636,2011,Thu
7/22/11 0:00,20174,2011,Fri
7/23/11 0:00,43085,2011,Sat
7/24/11 0:00,13008,2011,Sun
7/25/11 0:00,6153,2011,Mon
7/26/11 0:00,88969,2011,Tue
7/27/11 0:00,10678,2011,Wed
7/28/11 0:00,87847,2011,Thu
7/29/11 0:00,24920,2011,Fri
7/30/11 0:00,78865,2011,Sat
7/31/11 0:00,23470,2011,Sun
8/1/11 0:00,3460,2011,Mon
8/2/11 0:00,70547,2011,Tue
8/3/11 0:00,13044,2011,Wed
8/4/11 0:00,75179,2011,Thu
8/5/11 0:00,12856,2011,Fri
8/6/11 0:00,57819,2011,Sat
8/7/11 0:00,68268,2011,Sun
8/8/11 0:00,93381,2011,Mon
8/9/11 0:00,42708,2011,Tue
8/10/11 0:00,98231,2011,Wed
8/11/11 0:00,99050,2011,Thu
8/12/11 0:00,61645,2011,Fri
8/13/11 0:00,46417,2011,Sat
8/14/11 0:00,97555,2011,Sun
8/15/11 0:00,73916,2011,Mon
8/16/11 0:00,33396,2011,Tue
8/17/11 0:00,57249,2011,Wed
8/18/11 0:00,77042,2011,Thu
8/19/11 0:00,88778,2011,Fri
8/20/11 0:00,91549,2011,Sat
8/21/11 0:00,85701,2011,Sun
8/22/11 0:00,88147,2011,Mon
8/23/11 0:00,88018,2011,Tue
8/24/11 0:00,64160,2011,Wed
8/25/11 0:00,1732,2011,Thu
8/26/11 0:00,52457,2011,Fri
8/27/11 0:00,35415,2011,Sat
8/28/11 0:00,84061,2011,Sun
8/29/11 0:00,92718,2011,Mon
8/30/11 0:00,17723,2011,Tue
8/31/11 0:00,35551,2011,Wed
9/1/11 0:00,79501,2011,Thu
9/2/11 0:00,18791,2011,Fri
9/3/11 0:00,3245,2011,Sat
9/4/11 0:00,95771,2011,Sun
9/5/11 0:00,56331,2011,Mon
9/6/11 0:00,82442,2011,Tue
9/7/11 0:00,44111,2011,Wed
9/8/11 0:00,1765,2011,Thu
9/9/11 0:00,2764,2011,Fri
9/10/11 0:00,53422,2011,Sat
9/11/11 0:00,58367,2011,Sun
9/12/11 0:00,60791,2011,Mon
9/13/11 0:00,93810,2011,Tue
9/14/11 0:00,20445,2011,Wed
9/15/11 0:00,79502,2011,Thu
9/16/11 0:00,66834,2011,Fri
9/17/11 0:00,58395,2011,Sat
9/18/11 0:00,58508,2011,Sun
9/19/11 0:00,23485,2011,Mon
9/20/11 0:00,55306,2011,Tue
9/21/11 0:00,51436,2011,Wed
9/22/11 0:00,20453,2011,Thu
9/23/11 0:00,82028,2011,Fri
9/24/11 0:00,37538,2011,Sat
9/25/11 0:00,3583,2011,Sun
9/26/11 0:00,90050,2011,Mon
9/27/11 0:00,37745,2011,Tue
9/28/11 0:00,65621,2011,Wed
9/29/11 0:00,84220,2011,Thu
9/30/11 0:00,2915,2011,Fri
10/1/11 0:00,92944,2011,Sat
10/2/11 0:00,18815,2011,Sun
10/3/11 0:00,38995,2011,Mon
10/4/11 0:00,76998,2011,Tue
10/5/11 0:00,7703,2011,Wed
10/6/11 0:00,44548,2011,Thu
10/7/11 0:00,42382,2011,Fri
10/8/11 0:00,41738,2011,Sat
10/9/11 0:00,6108,2011,Sun
10/10/11 0:00,68159,2011,Mon
10/11/11 0:00,7490,2011,Tue
10/12/11 0:00,25498,2011,Wed
10/13/11 0:00,93156,2011,Thu
10/14/11 0:00,29377,2011,Fri
10/15/11 0:00,58670,2011,Sat
10/16/11 0:00,38536,2011,Sun
10/17/11 0:00,10516,2011,Mon
10/18/11 0:00,56958,2011,Tue
10/19/11 0:00,5218,2011,Wed
10/20/11 0:00,57739,2011,Thu
10/21/11 0:00,21997,2011,Fri
10/22/11 0:00,2660,2011,Sat
10/23/11 0:00,43578,2011,Sun
10/24/11 0:00,95103,2011,Mon
10/25/11 0:00,6252,2011,Tue
10/26/11 0:00,57472,2011,Wed
10/27/11 0:00,85455,2011,Thu
10/28/11 0:00,74331,2011,Fri
10/29/11 0:00,625,2011,Sat
10/30/11 0:00,82522,2011,Sun
10/31/11 0:00,32311,2011,Mon
11/1/11 0:00,43436,2011,Tue
11/2/11 0:00,22930,2011,Wed
11/3/11 0:00,91412,2011,Thu
11/4/11 0:00,38488,2011,Fri
11/5/11 0:00,97193,2011,Sat
11/6/11 0:00,97202,2011,Sun
11/7/11 0:00,84625,2011,Mon
11/8/11 0:00,15244,2011,Tue
11/9/11 0:00,15356,2011,Wed
11/10/11 0:00,51231,2011,Thu
11/11/11 0:00,58465,2011,Fri
11/12/11 0:00,15566,2011,Sat
11/13/11 0:00,76471,2011,Sun
11/14/11 0:00,60870,2011,Mon
11/15/11 0:00,71910,2011,Tue
11/16/11 0:00,99530,2011,Wed
11/17/11 0:00,48308,2011,Thu
11/18/11 0:00,48723,2011,Fri
11/19/11 0:00,95320,2011,Sat
11/20/11 0:00,64161,2011,Sun
11/21/11 0:00,71734,2011,Mon
11/22/11 0:00,71758,2011,Tue
11/23/11 0:00,90963,2011,Wed
11/24/11 0:00,13625,2011,Thu
11/25/11 0:00,85581,2011,Fri
11/26/11 0:00,90746,2011,Sat
11/27/11 0:00,87916,2011,Sun
11/28/11 0:00,28758,2011,Mon
11/29/11 0:00,9486,2011,Tue
11/30/11 0:00,80517,2011,Wed
12/1/11 0:00,60176,2011,Thu
12/2/11 0:00,12571,2011,Fri
12/3/11 0:00,76296,2011,Sat
12/4/11 0:00,9445,2011,Sun
12/5/11 0:00,35658,2011,Mon
12/6/11 0:00,60347,2011,Tue
12/7/11 0:00,57757,2011,Wed
12/8/11 0:00,37776,2011,Thu
12/9/11 0:00,87171,2011,Fri
12/10/11 0:00,13999,2011,Sat
12/11/11 0:00,22247,2011,Sun
12/12/11 0:00,8241,2011,Mon
12/13/11 0:00,42222,2011,Tue
12/14/11 0:00,43,2011,Wed
12/15/11 0:00,59203,2011,Thu
12/16/11 0:00,93341,2011,Fri
12/17/11 0:00,88007,2011,Sat
12/18/11 0:00,52176,2011,Sun
12/19/11 0:00,41051,2011,Mon
12/20/11 0:00,84047,2011,Tue
12/21/11 0:00,45799,2011,Wed
12/22/11 0:00,88077,2011,Thu
12/23/11 0:00,67422,2011,Fri
12/24/11 0:00,37677,2011,Sat
12/25/11 0:00,1329,2011,Sun
12/26/11 0:00,596,2011,Mon
12/27/11 0:00,49773,2011,Tue
12/28/11 0:00,16910,2011,Wed
12/29/11 0:00,3678,2011,Thu
12/30/11 0:00,91304,2011,Fri
12/31/11 0:00,61023,2011,Sat
12/31/12 0:00,16302,2012,Mon
1/1/12 0:00,91180,2012,Sun
1/2/12 0:00,26817,2012,Mon
1/3/12 0:00,80782,2012,Tue
1/4/12 0:00,59108,2012,Wed
1/5/12 0:00,83963,2012,Thu
1/6/12 0:00,208,2012,Fri
1/7/12 0:00,26422,2012,Sat
1/8/12 0:00,75159,2012,Sun
1/9/12 0:00,50619,2012,Mon
1/10/12 0:00,45149,2012,Tue
1/11/12 0:00,23102,2012,Wed
1/12/12 0:00,66558,2012,Thu
1/13/12 0:00,30114,2012,Fri
1/14/12 0:00,73793,2012,Sat
1/15/12 0:00,35066,2012,Sun
1/16/12 0:00,88628,2012,Mon
1/17/12 0:00,87647,2012,Tue
1/18/12 0:00,45514,2012,Wed
1/19/12 0:00,26840,2012,Thu
1/20/12 0:00,200,2012,Fri
1/21/12 0:00,99724,2012,Sat
1/22/12 0:00,66711,2012,Sun
1/23/12 0:00,7175,2012,Mon
1/24/12 0:00,21565,2012,Tue
1/25/12 0:00,14506,2012,Wed
1/26/12 0:00,80998,2012,Thu
1/27/12 0:00,38876,2012,Fri
1/28/12 0:00,9241,2012,Sat
1/29/12 0:00,63056,2012,Sun
1/30/12 0:00,65922,2012,Mon
1/31/12 0:00,38634,2012,Tue
2/1/12 0:00,21594,2012,Wed
2/2/12 0:00,91938,2012,Thu
2/3/12 0:00,65047,2012,Fri
2/4/12 0:00,20207,2012,Sat
2/5/12 0:00,87943,2012,Sun
2/6/12 0:00,22840,2012,Mon
2/7/12 0:00,61564,2012,Tue
2/8/12 0:00,40566,2012,Wed
2/9/12 0:00,97123,2012,Thu
2/10/12 0:00,50525,2012,Fri
2/11/12 0:00,66739,2012,Sat
2/12/12 0:00,19827,2012,Sun
2/13/12 0:00,35688,2012,Mon
2/14/12 0:00,65931,2012,Tue
2/15/12 0:00,82838,2012,Wed
2/16/12 0:00,93452,2012,Thu
2/17/12 0:00,53997,2012,Fri
2/18/12 0:00,96889,2012,Sat
2/19/12 0:00,48960,2012,Sun
2/20/12 0:00,75424,2012,Mon
2/21/12 0:00,5421,2012,Tue
2/22/12 0:00,18742,2012,Wed
2/23/12 0:00,7274,2012,Thu
2/24/12 0:00,92934,2012,Fri
2/25/12 0:00,44319,2012,Sat
2/26/12 0:00,46394,2012,Sun
2/27/12 0:00,84946,2012,Mon
2/28/12 0:00,1704,2012,Tue
2/29/12 0:00,1704,2012,Wed
3/1/12 0:00,19114,2012,Thu
3/2/12 0:00,29986,2012,Fri
3/3/12 0:00,79320,2012,Sat
3/4/12 0:00,53787,2012,Sun
3/5/12 0:00,89148,2012,Mon
3/6/12 0:00,56019,2012,Tue
3/7/12 0:00,17567,2012,Wed
3/8/12 0:00,32090,2012,Thu
3/9/12 0:00,77344,2012,Fri
3/10/12 0:00,99845,2012,Sat
3/11/12 0:00,47450,2012,Sun
3/12/12 0:00,57851,2012,Mon
3/13/12 0:00,41181,2012,Tue
3/14/12 0:00,64734,2012,Wed
3/15/12 0:00,41065,2012,Thu
3/16/12 0:00,6299,2012,Fri
3/17/12 0:00,19778,2012,Sat
3/18/12 0:00,18239,2012,Sun
3/19/12 0:00,74157,2012,Mon
3/20/12 0:00,7513,2012,Tue
3/21/12 0:00,56972,2012,Wed
3/22/12 0:00,8602,2012,Thu
3/23/12 0:00,30673,2012,Fri
3/24/12 0:00,38261,2012,Sat
3/25/12 0:00,14625,2012,Sun
3/26/12 0:00,67488,2012,Mon
3/27/12 0:00,53766,2012,Tue
3/28/12 0:00,30721,2012,Wed
3/29/12 0:00,41727,2012,Thu
3/30/12 0:00,6751,2012,Fri
3/31/12 0:00,549,2012,Sat
4/1/12 0:00,57606,2012,Sun
4/2/12 0:00,23090,2012,Mon
4/3/12 0:00,37827,2012,Tue
4/4/12 0:00,72652,2012,Wed
4/5/12 0:00,44511,2012,Thu
4/6/12 0:00,2665,2012,Fri
4/7/12 0:00,6466,2012,Sat
4/8/12 0:00,75575,2012,Sun
4/9/12 0:00,66585,2012,Mon
4/10/12 0:00,15312,2012,Tue
4/11/12 0:00,4970,2012,Wed
4/12/12 0:00,88751,2012,Thu
4/13/12 0:00,44915,2012,Fri
4/14/12 0:00,51464,2012,Sat
4/15/12 0:00,62511,2012,Sun
4/16/12 0:00,47958,2012,Mon
4/17/12 0:00,71448,2012,Tue
4/18/12 0:00,37859,2012,Wed
4/19/12 0:00,19326,2012,Thu
4/20/12 0:00,31161,2012,Fri
4/21/12 0:00,79799,2012,Sat
4/22/12 0:00,86608,2012,Sun
4/23/12 0:00,11290,2012,Mon
4/24/12 0:00,9308,2012,Tue
4/25/12 0:00,39509,2012,Wed
4/26/12 0:00,36013,2012,Thu
4/27/12 0:00,1808,2012,Fri
4/28/12 0:00,5,2012,Sat
4/29/12 0:00,18695,2012,Sun
4/30/12 0:00,58034,2012,Mon
5/1/12 0:00,52968,2012,Tue
5/2/12 0:00,34756,2012,Wed
5/3/12 0:00,99596,2012,Thu
5/4/12 0:00,52784,2012,Fri
5/5/12 0:00,1845,2012,Sat
5/6/12 0:00,72616,2012,Sun
5/7/12 0:00,46823,2012,Mon
5/8/12 0:00,9805,2012,Tue
5/9/12 0:00,65310,2012,Wed
5/10/12 0:00,77742,2012,Thu
5/11/12 0:00,37896,2012,Fri
5/12/12 0:00,14733,2012,Sat
5/13/12 0:00,33276,2012,Sun
5/14/12 0:00,50537,2012,Mon
5/15/12 0:00,54543,2012,Tue
5/16/12 0:00,31882,2012,Wed
5/17/12 0:00,46022,2012,Thu
5/18/12 0:00,31930,2012,Fri
5/19/12 0:00,5553,2012,Sat
5/20/12 0:00,65889,2012,Sun
5/21/12 0:00,92514,2012,Mon
5/22/12 0:00,47558,2012,Tue
5/23/12 0:00,59537,2012,Wed
5/24/12 0:00,71665,2012,Thu
5/25/12 0:00,35724,2012,Fri
5/26/12 0:00,1653,2012,Sat
5/27/12 0:00,464,2012,Sun
5/28/12 0:00,39827,2012,Mon
5/29/12 0:00,91385,2012,Tue
5/30/12 0:00,42159,2012,Wed
5/31/12 0:00,47895,2012,Thu
6/1/12 0:00,22544,2012,Fri
6/2/12 0:00,80025,2012,Sat
6/3/12 0:00,50432,2012,Sun
6/4/12 0:00,44116,2012,Mon
6/5/12 0:00,49216,2012,Tue
6/6/12 0:00,19291,2012,Wed
6/7/12 0:00,321,2012,Thu
6/8/12 0:00,91125,2012,Fri
6/9/12 0:00,67438,2012,Sat
6/10/12 0:00,51404,2012,Sun
6/11/12 0:00,90135,2012,Mon
6/12/12 0:00,2851,2012,Tue
6/13/12 0:00,76550,2012,Wed
6/14/12 0:00,11243,2012,Thu
6/15/12 0:00,86606,2012,Fri
6/16/12 0:00,54554,2012,Sat
6/17/12 0:00,5256,2012,Sun
6/18/12 0:00,15976,2012,Mon
6/19/12 0:00,54521,2012,Tue
6/20/12 0:00,48917,2012,Wed
6/21/12 0:00,36389,2012,Thu
6/22/12 0:00,54256,2012,Fri
6/23/12 0:00,22861,2012,Sat
6/24/12 0:00,45131,2012,Sun
6/25/12 0:00,85223,2012,Mon
6/26/12 0:00,13399,2012,Tue
6/27/12 0:00,50497,2012,Wed
6/28/12 0:00,51477,2012,Thu
6/29/12 0:00,68966,2012,Fri
6/30/12 0:00,20142,2012,Sat
7/1/12 0:00,46857,2012,Sun
7/2/12 0:00,23592,2012,Mon
7/3/12 0:00,50619,2012,Tue
7/4/12 0:00,28415,2012,Wed
7/5/12 0:00,77029,2012,Thu
7/6/12 0:00,31721,2012,Fri
7/7/12 0:00,5766,2012,Sat
7/8/12 0:00,40501,2012,Sun
7/9/12 0:00,82761,2012,Mon
7/10/12 0:00,2515,2012,Tue
7/11/12 0:00,59925,2012,Wed
7/12/12 0:00,21646,2012,Thu
7/13/12 0:00,53950,2012,Fri
7/14/12 0:00,12607,2012,Sat
7/15/12 0:00,38128,2012,Sun
7/16/12 0:00,85559,2012,Mon
7/17/12 0:00,37282,2012,Tue
7/18/12 0:00,84700,2012,Wed
7/19/12 0:00,62314,2012,Thu
7/20/12 0:00,60233,2012,Fri
7/21/12 0:00,19636,2012,Sat
7/22/12 0:00,20174,2012,Sun
7/23/12 0:00,43085,2012,Mon
7/24/12 0:00,13008,2012,Tue
7/25/12 0:00,6153,2012,Wed
7/26/12 0:00,88969,2012,Thu
7/27/12 0:00,10678,2012,Fri
7/28/12 0:00,87847,2012,Sat
7/29/12 0:00,24920,2012,Sun
7/30/12 0:00,78865,2012,Mon
7/31/12 0:00,23470,2012,Tue
8/1/12 0:00,3460,2012,Wed
8/2/12 0:00,70547,2012,Thu
8/3/12 0:00,13044,2012,Fri
8/4/12 0:00,75179,2012,Sat
8/5/12 0:00,12856,2012,Sun
8/6/12 0:00,57819,2012,Mon
8/7/12 0:00,48268,2012,Tue
8/8/12 0:00,63381,2012,Wed
8/9/12 0:00,42708,2012,Thu
8/10/12 0:00,38266,2012,Fri
8/11/12 0:00,19050,2012,Sat
8/12/12 0:00,61645,2012,Sun
8/13/12 0:00,86417,2012,Mon
8/14/12 0:00,37555,2012,Tue
8/15/12 0:00,53915,2012,Wed
8/16/12 0:00,43396,2012,Thu
8/17/12 0:00,57249,2012,Fri
8/18/12 0:00,77042,2012,Sat
8/19/12 0:00,88778,2012,Sun
8/20/12 0:00,91549,2012,Mon
8/21/12 0:00,85701,2012,Tue
8/22/12 0:00,88147,2012,Wed
8/23/12 0:00,88018,2012,Thu
8/24/12 0:00,64160,2012,Fri
8/25/12 0:00,1732,2012,Sat
8/26/12 0:00,52457,2012,Sun
8/27/12 0:00,35415,2012,Mon
8/28/12 0:00,84061,2012,Tue
8/29/12 0:00,92718,2012,Wed
8/30/12 0:00,17723,2012,Thu
8/31/12 0:00,35551,2012,Fri
9/1/12 0:00,79501,2012,Sat
9/2/12 0:00,18791,2012,Sun
9/3/12 0:00,3245,2012,Mon
9/4/12 0:00,95771,2012,Tue
9/5/12 0:00,56331,2012,Wed
9/6/12 0:00,82442,2012,Thu
9/7/12 0:00,44111,2012,Fri
9/8/12 0:00,1765,2012,Sat
9/9/12 0:00,2764,2012,Sun
9/10/12 0:00,53422,2012,Mon
9/11/12 0:00,58367,2012,Tue
9/12/12 0:00,60791,2012,Wed
9/13/12 0:00,93810,2012,Thu
9/14/12 0:00,20445,2012,Fri
9/15/12 0:00,79502,2012,Sat
9/16/12 0:00,66834,2012,Sun
9/17/12 0:00,58395,2012,Mon
9/18/12 0:00,58508,2012,Tue
9/19/12 0:00,23485,2012,Wed
9/20/12 0:00,55306,2012,Thu
9/21/12 0:00,51436,2012,Fri
9/22/12 0:00,20453,2012,Sat
9/23/12 0:00,82028,2012,Sun
9/24/12 0:00,37538,2012,Mon
9/25/12 0:00,3583,2012,Tue
9/26/12 0:00,90050,2012,Wed
9/27/12 0:00,37745,2012,Thu
9/28/12 0:00,65621,2012,Fri
9/29/12 0:00,84220,2012,Sat
9/30/12 0:00,2915,2012,Sun
10/1/12 0:00,92944,2012,Mon
10/2/12 0:00,18815,2012,Tue
10/3/12 0:00,38995,2012,Wed
10/4/12 0:00,76998,2012,Thu
10/5/12 0:00,7703,2012,Fri
10/6/12 0:00,44548,2012,Sat
10/7/12 0:00,42382,2012,Sun
10/8/12 0:00,41738,2012,Mon
10/9/12 0:00,6108,2012,Tue
10/10/12 0:00,68159,2012,Wed
10/11/12 0:00,7490,2012,Thu
10/12/12 0:00,25498,2012,Fri
10/13/12 0:00,93156,2012,Sat
10/14/12 0:00,29377,2012,Sun
10/15/12 0:00,58670,2012,Mon
10/16/12 0:00,38536,2012,Tue
10/17/12 0:00,10516,2012,Wed
10/18/12 0:00,56958,2012,Thu
10/19/12 0:00,5218,2012,Fri
10/20/12 0:00,57739,2012,Sat
10/21/12 0:00,21997,2012,Sun
10/22/12 0:00,2660,2012,Mon
10/23/12 0:00,43578,2012,Tue
10/24/12 0:00,95103,2012,Wed
10/25/12 0:00,6252,2012,Thu
10/26/12 0:00,57472,2012,Fri
10/27/12 0:00,85455,2012,Sat
10/28/12 0:00,74331,2012,Sun
10/29/12 0:00,625,2012,Mon
10/30/12 0:00,82522,2012,Tue
10/31/12 0:00,32311,2012,Wed
11/1/12 0:00,43436,2012,Thu
11/2/12 0:00,22930,2012,Fri
11/3/12 0:00,91412,2012,Sat
11/4/12 0:00,38488,2012,Sun
11/5/12 0:00,97193,2012,Mon
11/6/12 0:00,97202,2012,Tue
11/7/12 0:00,84625,2012,Wed
11/8/12 0:00,15244,2012,Thu
11/9/12 0:00,15356,2012,Fri
11/10/12 0:00,51231,2012,Sat
11/11/12 0:00,58465,2012,Sun
11/12/12 0:00,15566,2012,Mon
11/13/12 0:00,76471,2012,Tue
11/14/12 0:00,60870,2012,Wed
11/15/12 0:00,71910,2012,Thu
11/16/12 0:00,99530,2012,Fri
11/17/12 0:00,48308,2012,Sat
11/18/12 0:00,48723,2012,Sun
11/19/12 0:00,95320,2012,Mon
11/20/12 0:00,64161,2012,Tue
11/21/12 0:00,71734,2012,Wed
11/22/12 0:00,71758,2012,Thu
11/23/12 0:00,90963,2012,Fri
11/24/12 0:00,13625,2012,Sat
11/25/12 0:00,85581,2012,Sun
11/26/12 0:00,90746,2012,Mon
11/27/12 0:00,87916,2012,Tue
11/28/12 0:00,28758,2012,Wed
11/29/12 0:00,9486,2012,Thu
11/30/12 0:00,80517,2012,Fri
12/1/12 0:00,60176,2012,Sat
12/2/12 0:00,12571,2012,Sun
12/3/12 0:00,76296,2012,Mon
12/4/12 0:00,9445,2012,Tue
12/5/12 0:00,35658,2012,Wed
12/6/12 0:00,60347,2012,Thu
12/7/12 0:00,57757,2012,Fri
12/8/12 0:00,37776,2012,Sat
12/9/12 0:00,87171,2012,Sun
12/10/12 0:00,13999,2012,Mon
12/11/12 0:00,22247,2012,Tue
12/12/12 0:00,8241,2012,Wed
12/13/12 0:00,42222,2012,Thu
12/14/12 0:00,43,2012,Fri
12/15/12 0:00,59203,2012,Sat
12/16/12 0:00,93341,2012,Sun
12/17/12 0:00,88007,2012,Mon
12/18/12 0:00,52176,2012,Tue
12/19/12 0:00,41051,2012,Wed
12/20/12 0:00,84047,2012,Thu
12/21/12 0:00,45799,2012,Fri
12/22/12 0:00,88077,2012,Sat
12/23/12 0:00,67422,2012,Sun
12/24/12 0:00,37677,2012,Mon
12/25/12 0:00,1329,2012,Tue
12/26/12 0:00,596,2012,Wed
12/27/12 0:00,49773,2012,Thu
12/28/12 0:00,16910,2012,Fri
12/29/12 0:00,3678,2012,Sat
12/30/12 0:00,91304,2012,Sun
12/31/12 0:00,61023,2012,Mon
12/31/12 0:00,16302,2012,Mon
1/1/13 0:00,91180,2013,Tue
1/2/13 0:00,26817,2013,Wed
1/3/13 0:00,80782,2013,Thu
1/4/13 0:00,59108,2013,Fri
1/5/13 0:00,83963,2013,Sat
1/6/13 0:00,208,2013,Sun
1/7/13 0:00,26422,2013,Mon
1/8/13 0:00,75159,2013,Tue
1/9/13 0:00,50619,2013,Wed
1/10/13 0:00,45149,2013,Thu
1/11/13 0:00,23102,2013,Fri
1/12/13 0:00,66558,2013,Sat
1/13/13 0:00,30114,2013,Sun
1/14/13 0:00,73793,2013,Mon
1/15/13 0:00,35066,2013,Tue
1/16/13 0:00,88628,2013,Wed
1/17/13 0:00,87647,2013,Thu
1/18/13 0:00,45514,2013,Fri
1/19/13 0:00,26840,2013,Sat
1/20/13 0:00,200,2013,Sun
1/21/13 0:00,99724,2013,Mon
1/22/13 0:00,66711,2013,Tue
1/23/13 0:00,7175,2013,Wed
1/24/13 0:00,21565,2013,Thu
1/25/13 0:00,14506,2013,Fri
1/26/13 0:00,80998,2013,Sat
1/27/13 0:00,38876,2013,Sun
1/28/13 0:00,9241,2013,Mon
1/29/13 0:00,63056,2013,Tue
1/30/13 0:00,65922,2013,Wed
1/31/13 0:00,38634,2013,Thu
2/1/13 0:00,21594,2013,Fri
2/2/13 0:00,91938,2013,Sat
2/3/13 0:00,65047,2013,Sun
2/4/13 0:00,20207,2013,Mon
2/5/13 0:00,87943,2013,Tue
2/6/13 0:00,22840,2013,Wed
2/7/13 0:00,61564,2013,Thu
2/8/13 0:00,40566,2013,Fri
2/9/13 0:00,97123,2013,Sat
2/10/13 0:00,50525,2013,Sun
2/11/13 0:00,66739,2013,Mon
2/12/13 0:00,19827,2013,Tue
2/13/13 0:00,35688,2013,Wed
2/14/13 0:00,65931,2013,Thu
2/15/13 0:00,82838,2013,Fri
2/16/13 0:00,93452,2013,Sat
2/17/13 0:00,53997,2013,Sun
2/18/13 0:00,96889,2013,Mon
2/19/13 0:00,48960,2013,Tue
2/20/13 0:00,75424,2013,Wed
2/21/13 0:00,5421,2013,Thu
2/22/13 0:00,18742,2013,Fri
2/23/13 0:00,7274,2013,Sat
2/24/13 0:00,92934,2013,Sun
2/25/13 0:00,44319,2013,Mon
2/26/13 0:00,46394,2013,Tue
2/27/13 0:00,84946,2013,Wed
2/28/13 0:00,1704,2013,Thu
3/1/13 0:00,19114,2013,Fri
3/2/13 0:00,29986,2013,Sat
3/3/13 0:00,79320,2013,Sun
3/4/13 0:00,53787,2013,Mon
3/5/13 0:00,89148,2013,Tue
3/6/13 0:00,56019,2013,Wed
3/7/13 0:00,17567,2013,Thu
3/8/13 0:00,32090,2013,Fri
3/9/13 0:00,77344,2013,Sat
3/10/13 0:00,99845,2013,Sun
3/11/13 0:00,47450,2013,Mon
3/12/13 0:00,57851,2013,Tue
3/13/13 0:00,41181,2013,Wed
3/14/13 0:00,64734,2013,Thu
3/15/13 0:00,41065,2013,Fri
3/16/13 0:00,6299,2013,Sat
3/17/13 0:00,19778,2013,Sun
3/18/13 0:00,18239,2013,Mon
3/19/13 0:00,74157,2013,Tue
3/20/13 0:00,7513,2013,Wed
3/21/13 0:00,56972,2013,Thu
3/22/13 0:00,8602,2013,Fri
3/23/13 0:00,30673,2013,Sat
3/24/13 0:00,38261,2013,Sun
3/25/13 0:00,14625,2013,Mon
3/26/13 0:00,67488,2013,Tue
3/27/13 0:00,53766,2013,Wed
3/28/13 0:00,30721,2013,Thu
3/29/13 0:00,41727,2013,Fri
3/30/13 0:00,6751,2013,Sat
3/31/13 0:00,549,2013,Sun
4/1/13 0:00,57606,2013,Mon
4/2/13 0:00,23090,2013,Tue
4/3/13 0:00,37827,2013,Wed
4/4/13 0:00,72652,2013,Thu
4/5/13 0:00,44511,2013,Fri
4/6/13 0:00,2665,2013,Sat
4/7/13 0:00,6466,2013,Sun
4/8/13 0:00,75575,2013,Mon
4/9/13 0:00,66585,2013,Tue
4/10/13 0:00,15312,2013,Wed
4/11/13 0:00,4970,2013,Thu
4/12/13 0:00,88751,2013,Fri
4/13/13 0:00,44915,2013,Sat
4/14/13 0:00,51464,2013,Sun
4/15/13 0:00,62511,2013,Mon
4/16/13 0:00,47958,2013,Tue
4/17/13 0:00,71448,2013,Wed
4/18/13 0:00,37859,2013,Thu
4/19/13 0:00,19326,2013,Fri
4/20/13 0:00,31161,2013,Sat
4/21/13 0:00,79799,2013,Sun
4/22/13 0:00,86608,2013,Mon
4/23/13 0:00,11290,2013,Tue
4/24/13 0:00,9308,2013,Wed
4/25/13 0:00,39509,2013,Thu
4/26/13 0:00,36013,2013,Fri
4/27/13 0:00,1808,2013,Sat
4/28/13 0:00,5,2013,Sun
4/29/13 0:00,18695,2013,Mon
4/30/13 0:00,58034,2013,Tue
5/1/13 0:00,52968,2013,Wed
5/2/13 0:00,34756,2013,Thu
5/3/13 0:00,99596,2013,Fri
5/4/13 0:00,52784,2013,Sat
5/5/13 0:00,1845,2013,Sun
5/6/13 0:00,72616,2013,Mon
5/7/13 0:00,46823,2013,Tue
5/8/13 0:00,9805,2013,Wed
5/9/13 0:00,65310,2013,Thu
5/10/13 0:00,77742,2013,Fri
5/11/13 0:00,37896,2013,Sat
5/12/13 0:00,14733,2013,Sun
5/13/13 0:00,33276,2013,Mon
5/14/13 0:00,50537,2013,Tue
5/15/13 0:00,54543,2013,Wed
5/16/13 0:00,31882,2013,Thu
5/17/13 0:00,46022,2013,Fri
5/18/13 0:00,31930,2013,Sat
5/19/13 0:00,5553,2013,Sun
5/20/13 0:00,65889,2013,Mon
5/21/13 0:00,92514,2013,Tue
5/22/13 0:00,47558,2013,Wed
5/23/13 0:00,59537,2013,Thu
5/24/13 0:00,71665,2013,Fri
5/25/13 0:00,35724,2013,Sat
5/26/13 0:00,1653,2013,Sun
5/27/13 0:00,464,2013,Mon
5/28/13 0:00,39827,2013,Tue
5/29/13 0:00,91385,2013,Wed
5/30/13 0:00,42159,2013,Thu
5/31/13 0:00,47895,2013,Fri
6/1/13 0:00,22544,2013,Sat
6/2/13 0:00,80025,2013,Sun
6/3/13 0:00,50432,2013,Mon
6/4/13 0:00,44116,2013,Tue
6/5/13 0:00,49216,2013,Wed
6/6/13 0:00,19291,2013,Thu
6/7/13 0:00,321,2013,Fri
6/8/13 0:00,91125,2013,Sat
6/9/13 0:00,67438,2013,Sun
6/10/13 0:00,51404,2013,Mon
6/11/13 0:00,90135,2013,Tue
6/12/13 0:00,2851,2013,Wed
6/13/13 0:00,76550,2013,Thu
6/14/13 0:00,11243,2013,Fri
6/15/13 0:00,86606,2013,Sat
6/16/13 0:00,54554,2013,Sun
6/17/13 0:00,5256,2013,Mon
6/18/13 0:00,15976,2013,Tue
6/19/13 0:00,54521,2013,Wed
6/20/13 0:00,48917,2013,Thu
6/21/13 0:00,36389,2013,Fri
6/22/13 0:00,54256,2013,Sat
6/23/13 0:00,22861,2013,Sun
6/24/13 0:00,45131,2013,Mon
6/25/13 0:00,85223,2013,Tue
6/26/13 0:00,13399,2013,Wed
6/27/13 0:00,50497,2013,Thu
6/28/13 0:00,51477,2013,Fri
6/29/13 0:00,68966,2013,Sat
6/30/13 0:00,20142,2013,Sun
7/1/13 0:00,46857,2013,Mon
7/2/13 0:00,23592,2013,Tue
7/3/13 0:00,50619,2013,Wed
7/4/13 0:00,28415,2013,Thu
7/5/13 0:00,77029,2013,Fri
7/6/13 0:00,31721,2013,Sat
7/7/13 0:00,5766,2013,Sun
7/8/13 0:00,40501,2013,Mon
7/9/13 0:00,82761,2013,Tue
7/10/13 0:00,2515,2013,Wed
7/11/13 0:00,59925,2013,Thu
7/12/13 0:00,21646,2013,Fri
7/13/13 0:00,53950,2013,Sat
7/14/13 0:00,12607,2013,Sun
7/15/13 0:00,38128,2013,Mon
7/16/13 0:00,85559,2013,Tue
7/17/13 0:00,37282,2013,Wed
7/18/13 0:00,84700,2013,Thu
7/19/13 0:00,62314,2013,Fri
7/20/13 0:00,60233,2013,Sat
7/21/13 0:00,19636,2013,Sun
7/22/13 0:00,20174,2013,Mon
7/23/13 0:00,43085,2013,Tue
7/24/13 0:00,13008,2013,Wed
7/25/13 0:00,6153,2013,Thu
7/26/13 0:00,88969,2013,Fri
7/27/13 0:00,10678,2013,Sat
7/28/13 0:00,87847,2013,Sun
7/29/13 0:00,24920,2013,Mon
7/30/13 0:00,78865,2013,Tue
7/31/13 0:00,23470,2013,Wed
8/1/13 0:00,3460,2013,Thu
8/2/13 0:00,70547,2013,Fri
8/3/13 0:00,13044,2013,Sat
8/4/13 0:00,75179,2013,Sun
8/5/13 0:00,12856,2013,Mon
8/6/13 0:00,57819,2013,Tue
8/7/13 0:00,68268,2013,Wed
8/8/13 0:00,93381,2013,Thu
8/9/13 0:00,42708,2013,Fri
8/10/13 0:00,98231,2013,Sat
8/11/13 0:00,99050,2013,Sun
8/12/13 0:00,61645,2013,Mon
8/13/13 0:00,46417,2013,Tue
8/14/13 0:00,97555,2013,Wed
8/15/13 0:00,73916,2013,Thu
8/16/13 0:00,33396,2013,Fri
8/17/13 0:00,57249,2013,Sat
8/18/13 0:00,77042,2013,Sun
8/19/13 0:00,88778,2013,Mon
8/20/13 0:00,91549,2013,Tue
8/21/13 0:00,85701,2013,Wed
8/22/13 0:00,88147,2013,Thu
8/23/13 0:00,88018,2013,Fri
8/24/13 0:00,64160,2013,Sat
8/25/13 0:00,1732,2013,Sun
8/26/13 0:00,52457,2013,Mon
8/27/13 0:00,35415,2013,Tue
8/28/13 0:00,84061,2013,Wed
8/29/13 0:00,92718,2013,Thu
8/30/13 0:00,17723,2013,Fri
8/31/13 0:00,35551,2013,Sat
9/1/13 0:00,79501,2013,Sun
9/2/13 0:00,18791,2013,Mon
9/3/13 0:00,3245,2013,Tue
9/4/13 0:00,95771,2013,Wed
9/5/13 0:00,56331,2013,Thu
9/6/13 0:00,82442,2013,Fri
9/7/13 0:00,44111,2013,Sat
9/8/13 0:00,1765,2013,Sun
9/9/13 0:00,2764,2013,Mon
9/10/13 0:00,53422,2013,Tue
9/11/13 0:00,58367,2013,Wed
9/12/13 0:00,60791,2013,Thu
9/13/13 0:00,93810,2013,Fri
9/14/13 0:00,20445,2013,Sat
9/15/13 0:00,79502,2013,Sun
9/16/13 0:00,66834,2013,Mon
9/17/13 0:00,58395,2013,Tue
9/18/13 0:00,58508,2013,Wed
9/19/13 0:00,23485,2013,Thu
9/20/13 0:00,55306,2013,Fri
9/21/13 0:00,51436,2013,Sat
9/22/13 0:00,20453,2013,Sun
9/23/13 0:00,82028,2013,Mon
9/24/13 0:00,37538,2013,Tue
9/25/13 0:00,3583,2013,Wed
9/26/13 0:00,90050,2013,Thu
9/27/13 0:00,37745,2013,Fri
9/28/13 0:00,65621,2013,Sat
9/29/13 0:00,84220,2013,Sun
9/30/13 0:00,2915,2013,Mon
10/1/13 0:00,92944,2013,Tue
10/2/13 0:00,18815,2013,Wed
10/3/13 0:00,38995,2013,Thu
10/4/13 0:00,76998,2013,Fri
10/5/13 0:00,7703,2013,Sat
10/6/13 0:00,44548,2013,Sun
10/7/13 0:00,42382,2013,Mon
10/8/13 0:00,41738,2013,Tue
10/9/13 0:00,6108,2013,Wed
10/10/13 0:00,68159,2013,Thu
10/11/13 0:00,7490,2013,Fri
10/12/13 0:00,25498,2013,Sat
10/13/13 0:00,93156,2013,Sun
10/14/13 0:00,29377,2013,Mon
10/15/13 0:00,58670,2013,Tue
10/16/13 0:00,38536,2013,Wed
10/17/13 0:00,10516,2013,Thu
10/18/13 0:00,56958,2013,Fri
10/19/13 0:00,5218,2013,Sat
10/20/13 0:00,57739,2013,Sun
10/21/13 0:00,21997,2013,Mon
10/22/13 0:00,2660,2013,Tue
10/23/13 0:00,43578,2013,Wed
10/24/13 0:00,95103,2013,Thu
10/25/13 0:00,6252,2013,Fri
10/26/13 0:00,57472,2013,Sat
10/27/13 0:00,85455,2013,Sun
10/28/13 0:00,74331,2013,Mon
10/29/13 0:00,625,2013,Tue
10/30/13 0:00,82522,2013,Wed
10/31/13 0:00,32311,2013,Thu
11/1/13 0:00,43436,2013,Fri
11/2/13 0:00,22930,2013,Sat
11/3/13 0:00,91412,2013,Sun
11/4/13 0:00,38488,2013,Mon
11/5/13 0:00,97193,2013,Tue
11/6/13 0:00,97202,2013,Wed
11/7/13 0:00,84625,2013,Thu
11/8/13 0:00,15244,2013,Fri
11/9/13 0:00,15356,2013,Sat
11/10/13 0:00,51231,2013,Sun
11/11/13 0:00,58465,2013,Mon
11/12/13 0:00,15566,2013,Tue
11/13/13 0:00,76471,2013,Wed
11/14/13 0:00,60870,2013,Thu
11/15/13 0:00,71910,2013,Fri
11/16/13 0:00,99530,2013,Sat
11/17/13 0:00,48308,2013,Sun
11/18/13 0:00,48723,2013,Mon
11/19/13 0:00,95320,2013,Tue
11/20/13 0:00,64161,2013,Wed
11/21/13 0:00,71734,2013,Thu
11/22/13 0:00,71758,2013,Fri
11/23/13 0:00,90963,2013,Sat
11/24/13 0:00,13625,2013,Sun
11/25/13 0:00,85581,2013,Mon
11/26/13 0:00,90746,2013,Tue
11/27/13 0:00,87916,2013,Wed
11/28/13 0:00,28758,2013,Thu
11/29/13 0:00,9486,2013,Fri
11/30/13 0:00,80517,2013,Sat
12/1/13 0:00,60176,2013,Sun
12/2/13 0:00,12571,2013,Mon
12/3/13 0:00,76296,2013,Tue
12/4/13 0:00,9445,2013,Wed
12/5/13 0:00,35658,2013,Thu
12/6/13 0:00,60347,2013,Fri
12/7/13 0:00,57757,2013,Sat
12/8/13 0:00,37776,2013,Sun
12/9/13 0:00,87171,2013,Mon
12/10/13 0:00,13999,2013,Tue
12/11/13 0:00,22247,2013,Wed
12/12/13 0:00,8241,2013,Thu
12/13/13 0:00,42222,2013,Fri
12/14/13 0:00,43,2013,Sat
12/15/13 0:00,59203,2013,Sun
12/16/13 0:00,93341,2013,Mon
12/17/13 0:00,88007,2013,Tue
12/18/13 0:00,52176,2013,Wed
12/19/13 0:00,41051,2013,Thu
12/20/13 0:00,84047,2013,Fri
12/21/13 0:00,45799,2013,Sat
12/22/13 0:00,88077,2013,Sun
12/23/13 0:00,67422,2013,Mon
12/24/13 0:00,37677,2013,Tue
12/25/13 0:00,1329,2013,Wed
12/26/13 0:00,596,2013,Thu
12/27/13 0:00,49773,2013,Fri
12/28/13 0:00,16910,2013,Sat
12/29/13 0:00,3678,2013,Sun
12/30/13 0:00,91304,2013,Mon
12/31/13 0:00,61023,2013,Tue
1/1/14 0:00,85546,2014,Wed
1/2/14 0:00,24813,2014,Thu
1/3/14 0:00,66162,2014,Fri
1/4/14 0:00,26132,2014,Sat
1/5/14 0:00,24661,2014,Sun
1/6/14 0:00,74806,2014,Mon
1/7/14 0:00,71230,2014,Tue
1/8/14 0:00,7929,2014,Wed
1/9/14 0:00,73815,2014,Thu
1/10/14 0:00,37628,2014,Fri
1/11/14 0:00,58127,2014,Sat
1/12/14 0:00,3610,2014,Sun
1/13/14 0:00,77538,2014,Mon
1/14/14 0:00,42772,2014,Tue
1/15/14 0:00,48119,2014,Wed
1/16/14 0:00,91238,2014,Thu
1/17/14 0:00,16805,2014,Fri
1/18/14 0:00,80785,2014,Sat
1/19/14 0:00,23261,2014,Sun
1/20/14 0:00,99020,2014,Mon
1/21/14 0:00,27019,2014,Tue
1/22/14 0:00,61904,2014,Wed
1/23/14 0:00,8831,2014,Thu
1/24/14 0:00,45728,2014,Fri
1/25/14 0:00,93707,2014,Sat
1/26/14 0:00,62058,2014,Sun
1/27/14 0:00,40920,2014,Mon
1/28/14 0:00,67010,2014,Tue
1/29/14 0:00,6055,2014,Wed
1/30/14 0:00,22688,2014,Thu
1/31/14 0:00,80727,2014,Fri
2/1/14 0:00,82826,2014,Sat
2/2/14 0:00,19037,2014,Sun
2/3/14 0:00,26442,2014,Mon
2/4/14 0:00,39394,2014,Tue
2/5/14 0:00,78796,2014,Wed
2/6/14 0:00,99445,2014,Thu
2/7/14 0:00,36537,2014,Fri
2/8/14 0:00,40777,2014,Sat
2/9/14 0:00,32769,2014,Sun
2/10/14 0:00,33197,2014,Mon
2/11/14 0:00,1574,2014,Tue
2/12/14 0:00,99988,2014,Wed
2/13/14 0:00,36248,2014,Thu
2/14/14 0:00,12950,2014,Fri
2/15/14 0:00,44951,2014,Sat
2/16/14 0:00,82018,2014,Sun
2/17/14 0:00,59929,2014,Mon
2/18/14 0:00,7338,2014,Tue
2/19/14 0:00,24661,2014,Wed
2/20/14 0:00,35144,2014,Thu
2/21/14 0:00,98376,2014,Fri
2/22/14 0:00,54714,2014,Sat
2/23/14 0:00,95205,2014,Sun
2/24/14 0:00,23694,2014,Mon
2/25/14 0:00,29093,2014,Tue
2/26/14 0:00,43205,2014,Wed
2/27/14 0:00,88384,2014,Thu
2/28/14 0:00,61887,2014,Fri
3/1/14 0:00,66184,2014,Sat
3/2/14 0:00,33115,2014,Sun
3/3/14 0:00,93851,2014,Mon
3/4/14 0:00,21069,2014,Tue
3/5/14 0:00,91521,2014,Wed
3/6/14 0:00,89633,2014,Thu
3/7/14 0:00,41085,2014,Fri
3/8/14 0:00,79887,2014,Sat
3/9/14 0:00,55210,2014,Sun
3/10/14 0:00,10390,2014,Mon
3/11/14 0:00,56000,2014,Tue
3/12/14 0:00,94007,2014,Wed
3/13/14 0:00,14028,2014,Thu
3/14/14 0:00,88697,2014,Fri
3/15/14 0:00,93837,2014,Sat
3/16/14 0:00,38956,2014,Sun
3/17/14 0:00,75324,2014,Mon
3/18/14 0:00,34644,2014,Tue
3/19/14 0:00,45470,2014,Wed
3/20/14 0:00,38121,2014,Thu
3/21/14 0:00,12944,2014,Fri
3/22/14 0:00,28650,2014,Sat
3/23/14 0:00,67216,2014,Sun
3/24/14 0:00,60497,2014,Mon
3/25/14 0:00,2314,2014,Tue
3/26/14 0:00,93584,2014,Wed
3/27/14 0:00,71652,2014,Thu
3/28/14 0:00,41828,2014,Fri
3/29/14 0:00,58984,2014,Sat
3/30/14 0:00,6622,2014,Sun
3/31/14 0:00,76188,2014,Mon
4/1/14 0:00,60987,2014,Tue
4/2/14 0:00,7835,2014,Wed
4/3/14 0:00,89180,2014,Thu
4/4/14 0:00,96107,2014,Fri
4/5/14 0:00,6036,2014,Sat
4/6/14 0:00,54667,2014,Sun
4/7/14 0:00,78489,2014,Mon
4/8/14 0:00,69808,2014,Tue
4/9/14 0:00,71776,2014,Wed
4/10/14 0:00,22107,2014,Thu
4/11/14 0:00,69257,2014,Fri
4/12/14 0:00,65239,2014,Sat
4/13/14 0:00,59344,2014,Sun
4/14/14 0:00,93892,2014,Mon
4/15/14 0:00,47704,2014,Tue
4/16/14 0:00,7030,2014,Wed
4/17/14 0:00,76271,2014,Thu
4/18/14 0:00,27621,2014,Fri
4/19/14 0:00,50880,2014,Sat
4/20/14 0:00,8168,2014,Sun
4/21/14 0:00,64918,2014,Mon
4/22/14 0:00,73901,2014,Tue
4/23/14 0:00,16147,2014,Wed
4/24/14 0:00,69032,2014,Thu
4/25/14 0:00,59441,2014,Fri
4/26/14 0:00,55091,2014,Sat
4/27/14 0:00,74757,2014,Sun
4/28/14 0:00,17477,2014,Mon
4/29/14 0:00,37427,2014,Tue
4/30/14 0:00,75300,2014,Wed
5/1/14 0:00,8352,2014,Thu
5/2/14 0:00,81998,2014,Fri
5/3/14 0:00,78702,2014,Sat
5/4/14 0:00,16814,2014,Sun
5/5/14 0:00,52620,2014,Mon
5/6/14 0:00,489,2014,Tue
5/7/14 0:00,39032,2014,Wed
5/8/14 0:00,49747,2014,Thu
5/9/14 0:00,80255,2014,Fri
5/10/14 0:00,86562,2014,Sat
5/11/14 0:00,93076,2014,Sun
5/12/14 0:00,16343,2014,Mon
5/13/14 0:00,82738,2014,Tue
5/14/14 0:00,45445,2014,Wed
5/15/14 0:00,28681,2014,Thu
5/16/14 0:00,95457,2014,Fri
5/17/14 0:00,70680,2014,Sat
5/18/14 0:00,95374,2014,Sun
5/19/14 0:00,63960,2014,Mon
5/20/14 0:00,85889,2014,Tue
5/21/14 0:00,37280,2014,Wed
5/22/14 0:00,61323,2014,Thu
5/23/14 0:00,39966,2014,Fri
5/24/14 0:00,40555,2014,Sat
5/25/14 0:00,93526,2014,Sun
5/26/14 0:00,199,2014,Mon
5/27/14 0:00,13554,2014,Tue
5/28/14 0:00,61584,2014,Wed
5/29/14 0:00,87490,2014,Thu
5/30/14 0:00,70548,2014,Fri
5/31/14 0:00,16213,2014,Sat
6/1/14 0:00,56380,2014,Sun
6/2/14 0:00,78737,2014,Mon
6/3/14 0:00,80707,2014,Tue
6/4/14 0:00,44771,2014,Wed
6/5/14 0:00,47099,2014,Thu
6/6/14 0:00,18020,2014,Fri
6/7/14 0:00,87855,2014,Sat
6/8/14 0:00,47482,2014,Sun
6/9/14 0:00,63099,2014,Mon
6/10/14 0:00,87241,2014,Tue
6/11/14 0:00,67873,2014,Wed
6/12/14 0:00,99902,2014,Thu
6/13/14 0:00,72534,2014,Fri
6/14/14 0:00,94937,2014,Sat
6/15/14 0:00,44082,2014,Sun
6/16/14 0:00,30417,2014,Mon
6/17/14 0:00,55039,2014,Tue
6/18/14 0:00,1286,2014,Wed
6/19/14 0:00,47774,2014,Thu
6/20/14 0:00,57195,2014,Fri
6/21/14 0:00,73256,2014,Sat
6/22/14 0:00,32954,2014,Sun
6/23/14 0:00,30185,2014,Mon
6/24/14 0:00,69868,2014,Tue
6/25/14 0:00,42248,2014,Wed
6/26/14 0:00,84909,2014,Thu
6/27/14 0:00,74741,2014,Fri
6/28/14 0:00,19561,2014,Sat
6/29/14 0:00,85800,2014,Sun
6/30/14 0:00,46482,2014,Mon
7/1/14 0:00,76220,2014,Tue
7/2/14 0:00,12444,2014,Wed
7/3/14 0:00,24731,2014,Thu
7/4/14 0:00,20748,2014,Fri
7/5/14 0:00,63616,2014,Sat
7/6/14 0:00,78987,2014,Sun
7/7/14 0:00,15720,2014,Mon
7/8/14 0:00,97455,2014,Tue
7/9/14 0:00,57199,2014,Wed
7/10/14 0:00,58596,2014,Thu
7/11/14 0:00,75702,2014,Fri
7/12/14 0:00,79986,2014,Sat
7/13/14 0:00,96361,2014,Sun
7/14/14 0:00,34310,2014,Mon
7/15/14 0:00,61900,2014,Tue
7/16/14 0:00,22924,2014,Wed
7/17/14 0:00,60639,2014,Thu
7/18/14 0:00,81646,2014,Fri
7/19/14 0:00,55876,2014,Sat
7/20/14 0:00,91762,2014,Sun
7/21/14 0:00,17819,2014,Mon
7/22/14 0:00,86065,2014,Tue
7/23/14 0:00,10123,2014,Wed
7/24/14 0:00,56167,2014,Thu
7/25/14 0:00,81721,2014,Fri
7/26/14 0:00,9441,2014,Sat
7/27/14 0:00,88010,2014,Sun
7/28/14 0:00,39686,2014,Mon
7/29/14 0:00,8120,2014,Tue
7/30/14 0:00,66571,2014,Wed
7/31/14 0:00,20574,2014,Thu
8/1/14 0:00,68459,2014,Fri
8/2/14 0:00,86280,2014,Sat
8/3/14 0:00,80841,2014,Sun
8/4/14 0:00,43215,2014,Mon
8/5/14 0:00,92868,2014,Tue
8/6/14 0:00,91322,2014,Wed
8/7/14 0:00,68286,2014,Thu
8/8/14 0:00,10659,2014,Fri
8/9/14 0:00,98077,2014,Sat
8/10/14 0:00,40111,2014,Sun
8/11/14 0:00,19037,2014,Mon
8/12/14 0:00,62845,2014,Tue
8/13/14 0:00,711,2014,Wed
8/14/14 0:00,34883,2014,Thu
8/15/14 0:00,24675,2014,Fri
8/16/14 0:00,79106,2014,Sat
8/17/14 0:00,76317,2014,Sun
8/18/14 0:00,9270,2014,Mon
8/19/14 0:00,78481,2014,Tue
8/20/14 0:00,52865,2014,Wed
8/21/14 0:00,88726,2014,Thu
8/22/14 0:00,74285,2014,Fri
8/23/14 0:00,18006,2014,Sat
8/24/14 0:00,8717,2014,Sun
8/25/14 0:00,47082,2014,Mon
8/26/14 0:00,98565,2014,Tue
8/27/14 0:00,27700,2014,Wed
8/28/14 0:00,58138,2014,Thu
8/29/14 0:00,28320,2014,Fri
8/30/14 0:00,57249,2014,Sat
8/31/14 0:00,64814,2014,Sun
9/1/14 0:00,46616,2014,Mon
9/2/14 0:00,5663,2014,Tue
9/3/14 0:00,37176,2014,Wed
9/4/14 0:00,85195,2014,Thu
9/5/14 0:00,89555,2014,Fri
9/6/14 0:00,55927,2014,Sat
9/7/14 0:00,46705,2014,Sun
9/8/14 0:00,55922,2014,Mon
9/9/14 0:00,7008,2014,Tue
9/10/14 0:00,10417,2014,Wed
9/11/14 0:00,2978,2014,Thu
9/12/14 0:00,78629,2014,Fri
9/13/14 0:00,63813,2014,Sat
9/14/14 0:00,37673,2014,Sun
9/15/14 0:00,55026,2014,Mon
9/16/14 0:00,53291,2014,Tue
9/17/14 0:00,532,2014,Wed
9/18/14 0:00,60827,2014,Thu
9/19/14 0:00,59494,2014,Fri
9/20/14 0:00,22723,2014,Sat
9/21/14 0:00,23942,2014,Sun
9/22/14 0:00,79837,2014,Mon
9/23/14 0:00,17939,2014,Tue
9/24/14 0:00,16170,2014,Wed
9/25/14 0:00,31278,2014,Thu
9/26/14 0:00,66091,2014,Fri
9/27/14 0:00,98279,2014,Sat
9/28/14 0:00,64814,2014,Sun
9/29/14 0:00,52620,2014,Mon
9/30/14 0:00,18771,2014,Tue
10/1/14 0:00,62568,2014,Wed
10/2/14 0:00,63709,2014,Thu
10/3/14 0:00,30774,2014,Fri
10/4/14 0:00,11296,2014,Sat
10/5/14 0:00,24573,2014,Sun
10/6/14 0:00,42526,2014,Mon
10/7/14 0:00,44271,2014,Tue
10/8/14 0:00,32004,2014,Wed
10/9/14 0:00,3137,2014,Thu
10/10/14 0:00,50842,2014,Fri
10/11/14 0:00,48093,2014,Sat
10/12/14 0:00,30512,2014,Sun
10/13/14 0:00,59538,2014,Mon
10/14/14 0:00,55006,2014,Tue
10/15/14 0:00,66935,2014,Wed
10/16/14 0:00,90320,2014,Thu
10/17/14 0:00,96955,2014,Fri
10/18/14 0:00,67368,2014,Sat
10/19/14 0:00,10640,2014,Sun
10/20/14 0:00,99623,2014,Mon
10/21/14 0:00,30758,2014,Tue
10/22/14 0:00,27909,2014,Wed
10/23/14 0:00,559,2014,Thu
10/24/14 0:00,65592,2014,Fri
10/25/14 0:00,44846,2014,Sat
10/26/14 0:00,16899,2014,Sun
10/27/14 0:00,64120,2014,Mon
10/28/14 0:00,2273,2014,Tue
10/29/14 0:00,96215,2014,Wed
10/30/14 0:00,50102,2014,Thu
10/31/14 0:00,70087,2014,Fri
11/1/14 0:00,49427,2014,Sat
11/2/14 0:00,85282,2014,Sun
11/3/14 0:00,34041,2014,Mon
11/4/14 0:00,47914,2014,Tue
11/5/14 0:00,35856,2014,Wed
11/6/14 0:00,42173,2014,Thu
11/7/14 0:00,84210,2014,Fri
11/8/14 0:00,53134,2014,Sat
11/9/14 0:00,42900,2014,Sun
11/10/14 0:00,44615,2014,Mon
11/11/14 0:00,65504,2014,Tue
11/12/14 0:00,55745,2014,Wed
11/13/14 0:00,80286,2014,Thu
11/14/14 0:00,47717,2014,Fri
11/15/14 0:00,1427,2014,Sat
11/16/14 0:00,86865,2014,Sun
11/17/14 0:00,17181,2014,Mon
11/18/14 0:00,52327,2014,Tue
11/19/14 0:00,77014,2014,Wed
11/20/14 0:00,97583,2014,Thu
11/21/14 0:00,12942,2014,Fri
11/22/14 0:00,59088,2014,Sat
11/23/14 0:00,3111,2014,Sun
11/24/14 0:00,39456,2014,Mon
11/25/14 0:00,62111,2014,Tue
11/26/14 0:00,41976,2014,Wed
11/27/14 0:00,88439,2014,Thu
11/28/14 0:00,42026,2014,Fri
11/29/14 0:00,63786,2014,Sat
11/30/14 0:00,90871,2014,Sun
12/1/14 0:00,20853,2014,Mon
12/2/14 0:00,22417,2014,Tue
12/3/14 0:00,65421,2014,Wed
12/4/14 0:00,57843,2014,Thu
12/5/14 0:00,3437,2014,Fri
12/6/14 0:00,68196,2014,Sat
12/7/14 0:00,68728,2014,Sun
12/8/14 0:00,77366,2014,Mon
12/9/14 0:00,65148,2014,Tue
12/10/14 0:00,75792,2014,Wed
12/11/14 0:00,8035,2014,Thu
12/12/14 0:00,26942,2014,Fri
12/13/14 0:00,9561,2014,Sat
12/14/14 0:00,6932,2014,Sun
12/15/14 0:00,97354,2014,Mon
12/16/14 0:00,4621,2014,Tue
12/17/14 0:00,53901,2014,Wed
12/18/14 0:00,64306,2014,Thu
12/19/14 0:00,36211,2014,Fri
12/20/14 0:00,91723,2014,Sat
12/21/14 0:00,36202,2014,Sun
12/22/14 0:00,38078,2014,Mon
12/23/14 0:00,38566,2014,Tue
12/24/14 0:00,39822,2014,Wed
12/25/14 0:00,5224,2014,Thu
12/26/14 0:00,6769,2014,Fri
12/27/14 0:00,40370,2014,Sat
12/28/14 0:00,21025,2014,Sun
12/29/14 0:00,19656,2014,Mon
12/30/14 0:00,98358,2014,Tue
12/31/14 0:00,57615,2014,Wed
1/1/15 0:00,64932,2015,Thu
1/2/15 0:00,88889,2015,Fri
1/3/15 0:00,72335,2015,Sat
1/4/15 0:00,53544,2015,Sun
1/5/15 0:00,44228,2015,Mon
1/6/15 0:00,60521,2015,Tue
1/7/15 0:00,43899,2015,Wed
1/8/15 0:00,47977,2015,Thu
1/9/15 0:00,60551,2015,Fri
1/10/15 0:00,6632,2015,Sat
1/11/15 0:00,66834,2015,Sun
1/12/15 0:00,79418,2015,Mon
1/13/15 0:00,98520,2015,Tue
1/14/15 0:00,17164,2015,Wed
1/15/15 0:00,57261,2015,Thu
1/16/15 0:00,65649,2015,Fri
1/17/15 0:00,72821,2015,Sat
1/18/15 0:00,5372,2015,Sun
1/19/15 0:00,44491,2015,Mon
1/20/15 0:00,89408,2015,Tue
1/21/15 0:00,57498,2015,Wed
1/22/15 0:00,3535,2015,Thu
1/23/15 0:00,49128,2015,Fri
1/24/15 0:00,34633,2015,Sat
1/25/15 0:00,89711,2015,Sun
1/26/15 0:00,10622,2015,Mon
1/27/15 0:00,95235,2015,Tue
1/28/15 0:00,79559,2015,Wed
1/29/15 0:00,7580,2015,Thu
1/30/15 0:00,83463,2015,Fri
1/31/15 0:00,46933,2015,Sat
2/1/15 0:00,74139,2015,Sun
2/2/15 0:00,82382,2015,Mon
2/3/15 0:00,56518,2015,Tue
2/4/15 0:00,5190,2015,Wed
2/5/15 0:00,23562,2015,Thu
2/6/15 0:00,31513,2015,Fri
2/7/15 0:00,15398,2015,Sat
2/8/15 0:00,13510,2015,Sun
2/9/15 0:00,20383,2015,Mon
2/10/15 0:00,76877,2015,Tue
2/11/15 0:00,25430,2015,Wed
2/12/15 0:00,62860,2015,Thu
2/13/15 0:00,86011,2015,Fri
2/14/15 0:00,22143,2015,Sat
2/15/15 0:00,7257,2015,Sun
2/16/15 0:00,73628,2015,Mon
2/17/15 0:00,44027,2015,Tue
2/18/15 0:00,55508,2015,Wed
2/19/15 0:00,15471,2015,Thu
2/20/15 0:00,53870,2015,Fri
2/21/15 0:00,68715,2015,Sat
2/22/15 0:00,78755,2015,Sun
2/23/15 0:00,40001,2015,Mon
2/24/15 0:00,36692,2015,Tue
2/25/15 0:00,59255,2015,Wed
2/26/15 0:00,71884,2015,Thu
2/27/15 0:00,46729,2015,Fri
2/28/15 0:00,64183,2015,Sat
3/1/15 0:00,62491,2015,Sun
3/2/15 0:00,68965,2015,Mon
3/3/15 0:00,1914,2015,Tue
3/4/15 0:00,60141,2015,Wed
3/5/15 0:00,29204,2015,Thu
3/6/15 0:00,52159,2015,Fri
3/7/15 0:00,82374,2015,Sat
3/8/15 0:00,72092,2015,Sun
3/9/15 0:00,55113,2015,Mon
3/10/15 0:00,82974,2015,Tue
3/11/15 0:00,25799,2015,Wed
3/12/15 0:00,50845,2015,Thu
3/13/15 0:00,70898,2015,Fri
3/14/15 0:00,19705,2015,Sat
3/15/15 0:00,47630,2015,Sun
3/16/15 0:00,67720,2015,Mon
3/17/15 0:00,98110,2015,Tue
3/18/15 0:00,90100,2015,Wed
3/19/15 0:00,46231,2015,Thu
3/20/15 0:00,32380,2015,Fri
3/21/15 0:00,6897,2015,Sat
3/22/15 0:00,72332,2015,Sun
3/23/15 0:00,77048,2015,Mon
3/24/15 0:00,17705,2015,Tue
3/25/15 0:00,12181,2015,Wed
3/26/15 0:00,54239,2015,Thu
3/27/15 0:00,47921,2015,Fri
3/28/15 0:00,479,2015,Sat
3/29/15 0:00,4671,2015,Sun
3/30/15 0:00,41898,2015,Mon
3/31/15 0:00,47113,2015,Tue
4/1/15 0:00,98309,2015,Wed
4/2/15 0:00,19132,2015,Thu
4/3/15 0:00,7457,2015,Fri
4/4/15 0:00,43265,2015,Sat
4/5/15 0:00,20546,2015,Sun
4/6/15 0:00,37643,2015,Mon
4/7/15 0:00,52547,2015,Tue
4/8/15 0:00,45875,2015,Wed
4/9/15 0:00,64042,2015,Thu
4/10/15 0:00,19951,2015,Fri
4/11/15 0:00,92071,2015,Sat
4/12/15 0:00,50494,2015,Sun
4/13/15 0:00,3115,2015,Mon
4/14/15 0:00,75632,2015,Tue
4/15/15 0:00,21152,2015,Wed
4/16/15 0:00,55724,2015,Thu
4/17/15 0:00,9419,2015,Fri
4/18/15 0:00,66353,2015,Sat
4/19/15 0:00,31442,2015,Sun
4/20/15 0:00,29578,2015,Mon
4/21/15 0:00,26395,2015,Tue
4/22/15 0:00,44064,2015,Wed
4/23/15 0:00,68933,2015,Thu
4/24/15 0:00,21230,2015,Fri
4/25/15 0:00,49994,2015,Sat
4/26/15 0:00,86602,2015,Sun
4/27/15 0:00,82972,2015,Mon
4/28/15 0:00,68924,2015,Tue
4/29/15 0:00,38532,2015,Wed
4/30/15 0:00,99326,2015,Thu
5/1/15 0:00,42142,2015,Fri
5/2/15 0:00,80606,2015,Sat
5/3/15 0:00,78288,2015,Sun
5/4/15 0:00,98112,2015,Mon
5/5/15 0:00,30512,2015,Tue
5/6/15 0:00,54843,2015,Wed
5/7/15 0:00,114,2015,Thu
5/8/15 0:00,23507,2015,Fri
5/9/15 0:00,71229,2015,Sat
5/10/15 0:00,29570,2015,Sun
5/11/15 0:00,69147,2015,Mon
5/12/15 0:00,89362,2015,Tue
5/13/15 0:00,41763,2015,Wed
5/14/15 0:00,94178,2015,Thu
5/15/15 0:00,57790,2015,Fri
5/16/15 0:00,45283,2015,Sat
5/17/15 0:00,21968,2015,Sun
5/18/15 0:00,31057,2015,Mon
5/19/15 0:00,74041,2015,Tue
5/20/15 0:00,16031,2015,Wed
5/21/15 0:00,19977,2015,Thu
5/22/15 0:00,49887,2015,Fri
5/23/15 0:00,67566,2015,Sat
5/24/15 0:00,19438,2015,Sun
5/25/15 0:00,91871,2015,Mon
5/26/15 0:00,56208,2015,Tue
5/27/15 0:00,13194,2015,Wed
5/28/15 0:00,43453,2015,Thu
5/29/15 0:00,39965,2015,Fri
5/30/15 0:00,82268,2015,Sat
5/31/15 0:00,17116,2015,Sun
6/1/15 0:00,8402,2015,Mon
6/2/15 0:00,33841,2015,Tue
6/3/15 0:00,17392,2015,Wed
6/4/15 0:00,37553,2015,Thu
6/5/15 0:00,6923,2015,Fri
6/6/15 0:00,14455,2015,Sat
6/7/15 0:00,91327,2015,Sun
6/8/15 0:00,74571,2015,Mon
6/9/15 0:00,27920,2015,Tue
6/10/15 0:00,7411,2015,Wed
6/11/15 0:00,69346,2015,Thu
6/12/15 0:00,58434,2015,Fri
6/13/15 0:00,52403,2015,Sat
6/14/15 0:00,33271,2015,Sun
6/15/15 0:00,26016,2015,Mon
6/16/15 0:00,38331,2015,Tue
6/17/15 0:00,71062,2015,Wed
6/18/15 0:00,39476,2015,Thu
6/19/15 0:00,71401,2015,Fri
6/20/15 0:00,72413,2015,Sat
6/21/15 0:00,49847,2015,Sun
6/22/15 0:00,39536,2015,Mon
6/23/15 0:00,34452,2015,Tue
6/24/15 0:00,51837,2015,Wed
6/25/15 0:00,934,2015,Thu
6/26/15 0:00,48367,2015,Fri
6/27/15 0:00,34375,2015,Sat
6/28/15 0:00,77738,2015,Sun
6/29/15 0:00,83602,2015,Mon
6/30/15 0:00,19917,2015,Tue
7/1/15 0:00,81536,2015,Wed
7/2/15 0:00,1478,2015,Thu
7/3/15 0:00,58061,2015,Fri
7/4/15 0:00,37185,2015,Sat
7/5/15 0:00,40462,2015,Sun
7/6/15 0:00,85568,2015,Mon
7/7/15 0:00,50545,2015,Tue
7/8/15 0:00,58929,2015,Wed
7/9/15 0:00,18319,2015,Thu
7/10/15 0:00,84890,2015,Fri
7/11/15 0:00,38749,2015,Sat
7/12/15 0:00,93502,2015,Sun
7/13/15 0:00,14527,2015,Mon
7/14/15 0:00,68613,2015,Tue
7/15/15 0:00,85387,2015,Wed
7/16/15 0:00,28806,2015,Thu
7/17/15 0:00,91275,2015,Fri
7/18/15 0:00,46597,2015,Sat
7/19/15 0:00,89225,2015,Sun
7/20/15 0:00,17913,2015,Mon
7/21/15 0:00,13422,2015,Tue
7/22/15 0:00,54748,2015,Wed
7/23/15 0:00,17089,2015,Thu
7/24/15 0:00,6306,2015,Fri
7/25/15 0:00,65094,2015,Sat
7/26/15 0:00,82450,2015,Sun
7/27/15 0:00,89040,2015,Mon
7/28/15 0:00,5223,2015,Tue
7/29/15 0:00,22306,2015,Wed
7/30/15 0:00,86052,2015,Thu
7/31/15 0:00,68930,2015,Fri
8/1/15 0:00,7610,2015,Sat
8/2/15 0:00,7847,2015,Sun
8/3/15 0:00,4760,2015,Mon
8/4/15 0:00,82233,2015,Tue
8/5/15 0:00,4083,2015,Wed
8/6/15 0:00,78743,2015,Thu
8/7/15 0:00,73033,2015,Fri
8/8/15 0:00,83141,2015,Sat
8/9/15 0:00,38029,2015,Sun
8/10/15 0:00,84095,2015,Mon
8/11/15 0:00,44795,2015,Tue
8/12/15 0:00,1470,2015,Wed
8/13/15 0:00,20019,2015,Thu
8/14/15 0:00,97519,2015,Fri
8/15/15 0:00,49272,2015,Sat
8/16/15 0:00,83485,2015,Sun
8/17/15 0:00,74625,2015,Mon
8/18/15 0:00,35695,2015,Tue
8/19/15 0:00,72431,2015,Wed
8/20/15 0:00,94732,2015,Thu
8/21/15 0:00,47699,2015,Fri
8/22/15 0:00,63528,2015,Sat
8/23/15 0:00,97240,2015,Sun
8/24/15 0:00,78433,2015,Mon
8/25/15 0:00,22815,2015,Tue
8/26/15 0:00,32792,2015,Wed
8/27/15 0:00,74480,2015,Thu
8/28/15 0:00,42362,2015,Fri
8/29/15 0:00,29751,2015,Sat
8/30/15 0:00,57921,2015,Sun
8/31/15 0:00,26555,2015,Mon
9/1/15 0:00,60769,2015,Tue
9/2/15 0:00,55618,2015,Wed
9/3/15 0:00,84643,2015,Thu
9/4/15 0:00,41741,2015,Fri
9/5/15 0:00,3750,2015,Sat
9/6/15 0:00,12379,2015,Sun
9/7/15 0:00,26956,2015,Mon
9/8/15 0:00,77582,2015,Tue
9/9/15 0:00,48022,2015,Wed
9/10/15 0:00,3656,2015,Thu
9/11/15 0:00,97137,2015,Fri
9/12/15 0:00,97312,2015,Sat
9/13/15 0:00,50050,2015,Sun
9/14/15 0:00,1378,2015,Mon
9/15/15 0:00,26040,2015,Tue
9/16/15 0:00,87764,2015,Wed
9/17/15 0:00,13781,2015,Thu
9/18/15 0:00,65137,2015,Fri
9/19/15 0:00,90353,2015,Sat
9/20/15 0:00,18173,2015,Sun
9/21/15 0:00,1214,2015,Mon
9/22/15 0:00,81678,2015,Tue
9/23/15 0:00,70202,2015,Wed
9/24/15 0:00,41064,2015,Thu
9/25/15 0:00,34529,2015,Fri
9/26/15 0:00,56041,2015,Sat
9/27/15 0:00,27065,2015,Sun
9/28/15 0:00,78395,2015,Mon
9/29/15 0:00,76925,2015,Tue
9/30/15 0:00,35329,2015,Wed
10/1/15 0:00,19399,2015,Thu
10/2/15 0:00,93183,2015,Fri
10/3/15 0:00,37610,2015,Sat
10/4/15 0:00,97006,2015,Sun
10/5/15 0:00,42829,2015,Mon
10/6/15 0:00,89441,2015,Tue
10/7/15 0:00,37847,2015,Wed
10/8/15 0:00,29393,2015,Thu
10/9/15 0:00,683,2015,Fri
10/10/15 0:00,99476,2015,Sat
10/11/15 0:00,1814,2015,Sun
10/12/15 0:00,78947,2015,Mon
10/13/15 0:00,28931,2015,Tue
10/14/15 0:00,38634,2015,Wed
10/15/15 0:00,47747,2015,Thu
10/16/15 0:00,3174,2015,Fri
10/17/15 0:00,58829,2015,Sat
10/18/15 0:00,86574,2015,Sun
10/19/15 0:00,71047,2015,Mon
10/20/15 0:00,65272,2015,Tue
10/21/15 0:00,19267,2015,Wed
10/22/15 0:00,58755,2015,Thu
10/23/15 0:00,59489,2015,Fri
10/24/15 0:00,84495,2015,Sat
10/25/15 0:00,34257,2015,Sun
10/26/15 0:00,73345,2015,Mon
10/27/15 0:00,47389,2015,Tue
10/28/15 0:00,77263,2015,Wed
10/29/15 0:00,22947,2015,Thu
10/30/15 0:00,30876,2015,Fri
10/31/15 0:00,24136,2015,Sat
11/1/15 0:00,10267,2015,Sun
11/2/15 0:00,4698,2015,Mon
11/3/15 0:00,61447,2015,Tue
11/4/15 0:00,22113,2015,Wed
11/5/15 0:00,55304,2015,Thu
11/6/15 0:00,43368,2015,Fri
11/7/15 0:00,37533,2015,Sat
11/8/15 0:00,65446,2015,Sun
11/9/15 0:00,43158,2015,Mon
11/10/15 0:00,49895,2015,Tue
11/11/15 0:00,34859,2015,Wed
11/12/15 0:00,65767,2015,Thu
11/13/15 0:00,99280,2015,Fri
11/14/15 0:00,13322,2015,Sat
11/15/15 0:00,53116,2015,Sun
11/16/15 0:00,44485,2015,Mon
11/17/15 0:00,53566,2015,Tue
11/18/15 0:00,81026,2015,Wed
11/19/15 0:00,12839,2015,Thu
11/20/15 0:00,9486,2015,Fri
11/21/15 0:00,49566,2015,Sat
11/22/15 0:00,6369,2015,Sun
11/23/15 0:00,46949,2015,Mon
11/24/15 0:00,23288,2015,Tue
11/25/15 0:00,90510,2015,Wed
11/26/15 0:00,94054,2015,Thu
11/27/15 0:00,25111,2015,Fri
11/28/15 0:00,60313,2015,Sat
11/29/15 0:00,49252,2015,Sun
11/30/15 0:00,77512,2015,Mon
12/1/15 0:00,68907,2015,Tue
12/2/15 0:00,65414,2015,Wed
12/3/15 0:00,98446,2015,Thu
12/4/15 0:00,43760,2015,Fri
12/5/15 0:00,61597,2015,Sat
12/6/15 0:00,13731,2015,Sun
12/7/15 0:00,85252,2015,Mon
12/8/15 0:00,5252,2015,Tue